DateTime,Entries,UniqueIPs
1545367832,58138,135147
1545368434,58139,135148
1545368732,58140,135149
1545369631,58141,135150
1545370234,58142,135151
1545370831,58143,135152
1545371135,58145,135154
1545371439,58146,135155
1545371737,58147,135156
1545372039,58148,135157
1545372635,58149,135158
1545373536,58150,135159
1545374130,58151,135160
1545374433,58153,135162
1545374735,58154,135163
1545375638,58155,135164
1545376237,58157,135166
1545377140,58159,135168
1545377436,58163,135172
1545378639,58164,135173
1545379238,58166,135175
1545379837,58178,135187
1545380439,58180,135189
1545381037,58182,135191
1545381937,58183,135192
1545382233,58184,135193
1545382834,58185,135194
1545383136,58186,135195
1545383437,58187,135196
1545384638,58188,135197
1545384939,58190,135199
1545386137,58191,135200
1545386442,58192,135201
1545387038,58194,135203
1545387338,58195,135204
1545387638,58196,135206
1545388238,58198,135208
1545388539,58199,135209
1545389737,58200,135210
1545390039,58201,135211
1545390340,58203,135213
1545390638,58206,135216
1545390935,58207,135217
1545391234,58208,135218
1545392739,58209,135219
1545393034,58210,135220
1545393338,58211,135221
1545393637,58212,135222
1545393938,58213,135223
1545394239,58215,135225
1545394835,58219,135229
1545395438,58221,135231
1545396038,58220,135230
1545396638,58224,135234
1545396929,58228,135238
1545397238,58229,135239
1545397539,58230,135240
1545398138,58231,135241
1545398739,58233,135243
1545399036,58234,135244
1545400236,58240,135250
1545400840,58241,135251
1545401138,58242,135252
1545401738,58244,135254
1545402037,58245,135255
1545402630,58248,135258
1545403839,58250,135260
1545404139,58251,135261
1545405038,58252,135262
1545405335,58254,135264
1545405635,58256,135266
1545406834,58258,135268
1545407438,58261,135271
1545407733,58263,135273
1545408037,58264,135274
1545408634,58275,135292
1545408936,58278,135295
1545409539,58281,135298
1545410137,58284,135301
1545410438,58285,135302
1545411038,58287,135304
1545411638,58289,135306
1545412238,58290,135307
1545412538,58291,135308
1545413439,58294,135311
1545414038,58295,135312
1545414933,58297,135314
1545415239,58298,135315
1545415838,58299,135316
1545416438,58301,135318
1545416737,58302,135319
1545417036,58303,135320
1545417636,58304,135321
1545419136,58305,135322
1545419435,58306,135323
1545419736,58308,135325
1545420039,58310,135327
1545421834,58312,135329
1545422136,58315,135332
1545422738,58316,135333
1545423335,58316,135333
1545423638,58319,135336
1545424234,58320,135337
1545426029,58322,135339
1545426634,58323,135340
1545427532,58325,135342
1545427840,58326,135343
1545428133,58327,135344
1545428432,58329,135346
1545428736,58330,135347
1545429038,58331,135348
1545429633,58332,135349
1545429937,58333,135350
1545430536,58337,135354
1545430837,58338,135355
1545431137,58339,135356
1545431434,58340,135357
1545431737,58341,135358
1545432638,58344,135361
1545432934,58345,135362
1545495032,58376,135396
1545520232,58377,135397
1545523835,58405,135431
1545549030,58407,135433
1545552933,58421,135450
1545564336,58423,135452
1545581738,58433,135462
1545599431,58432,135461
1545610537,58448,135478
1545626438,58449,135479
1545639330,58457,135487
1545652832,58459,135489
1545667838,58482,135513
1545675034,58484,135515
1545696636,58501,135541
1545722137,58505,135545
1545725737,58514,135554
1545754234,58524,135568
1545776429,58523,135567
1545783329,58540,135593
1545812134,58548,135601
1545840633,58570,135641
1545860130,58571,135642
1545869431,58586,135660
1545898235,58599,135674
1545909632,58597,135672
1545927335,58611,135692
1545936628,58612,135693
1545955830,58627,135708
1545963633,58628,135709
1545973828,58629,135710
1545984628,58637,135718
1546006238,58636,135717
1546012839,58637,135718
1546013137,58639,135720
1546013738,58647,135733
1546017939,58648,135734
1546042534,58659,135745
1546057829,58658,135744
1546071028,58665,135753
1546099833,58676,135764
1546100436,58678,135766
1546109435,58681,135769
1546119033,58680,135768
1546120537,58681,135769
1546128637,58685,135773
1546129231,58686,135774
1546157734,58694,135783
1546165239,58693,135782
1546186237,58702,135791
1546375216,58797,135888
1546388115,58828,135922
1546416615,58833,135928
1546445415,58842,135937
1546448416,58843,135938
1546455315,58844,135939
1546474215,58859,135954
1546503016,58871,135968
1546532115,58886,135984
1546557016,58887,135985
1546560617,58902,136000
1546562416,58903,136001
1546589415,58917,136015
1546618515,58935,136037
1546625115,58942,136044
1546638316,58948,136050
1546643415,58949,136051
1546647015,58960,136062
1546676116,58970,136074
1546704915,58975,136080
1546714215,58974,136079
1546716915,58975,136080
1546733416,58989,136094
1546762515,59003,136108
1546791014,59011,136116
1546816215,59012,136117
1546819815,59028,136133
1546828216,59111,136216
1546848617,59124,136230
1546850716,59123,136229
1546851017,59121,136226
1546858816,59120,136225
1546871715,59119,136224
1546873516,59117,136222
1546873815,59119,136224
1546877416,59131,136237
1546906216,59149,136258
1546931416,59150,136259
1546935015,59165,136274
1546963816,59180,136290
1546992615,59202,136312
1546998016,59203,136313
1547021415,59244,136354
1547022015,59245,136355
1547036116,59245,136356
1547050515,59251,136363
1547059215,59252,136364
1547079315,59261,136376
1547104216,59262,136377
1547107815,59274,136389
1547115615,59273,136388
1547118615,59278,136393
1547132115,59277,136392
1547136916,59285,136401
1547140516,59284,136400
1547162716,59283,136399
1547164816,59284,136400
1547165415,59299,136416
1547192716,59300,136417
1547194215,59324,136441
1547211617,59323,136440
1547223616,59341,136462
1547236216,59342,136463
1547252115,59366,136488
1547280616,59381,136503
1547293817,59380,136502
1547294417,59381,136503
1547309716,59396,136519
1547310617,59395,136518
1547324715,59396,136519
1547338515,59421,136548
1547367315,59428,136556
1547374215,59428,136555
1547386217,59431,136558
1547386515,59437,136564
1547386816,59440,136567
1547396116,59449,136578
1547424615,59461,136595
1547453416,59474,136611
1547471416,59481,136618
1547471716,59493,136630
1547482216,59504,136651
1547500817,59505,136652
1547509816,59506,136653
1547511015,59523,136673
1547539817,59535,136685
1547546418,59539,136689
1547547616,59540,136690
1547548216,59539,136689
1547549118,59540,136690
1547549417,59541,136691
1547565316,59543,136693
1547568615,59568,136726
1547593815,59569,136727
1547597715,59589,136747
1547622617,59590,136748
1547625316,59591,136749
1547626516,59604,136763
1547647217,59603,136762
1547655317,59613,136772
1547680215,59614,136773
1547683816,59634,136793
1547712617,59641,136803
1547718915,59640,136802
1547719216,59639,136801
1547737815,59642,136804
1547741715,59653,136818
1547743815,59655,136820
1547744115,59659,136824
1547762417,59660,136825
1547766617,59661,136826
1547769617,59662,136827
1547770216,59675,136843
1547795416,59676,136844
1547799016,59689,136861
1547803816,59688,136860
1547809217,59691,136863
1547827817,59706,136878
1547853016,59707,136879
1547856615,59728,136901
1547885415,59737,136910
1547905217,59738,136911
1547905817,59740,136913
1547906115,59742,136915
1547914516,59750,136924
1547923816,59751,136925
1547939716,59753,136927
1547943015,59775,136949
1547971815,59784,136959
1547997015,59783,136960
1548000915,59792,136970
1548029716,59806,136985
1548055516,59807,136986
1548058215,59817,136997
1548066617,59824,137004
1548066915,59825,137005
1548087015,59837,137020
1548091516,59839,137022
1548091816,59840,137023
1548093315,59841,137024
1548095418,59840,137023
1548112216,59844,137027
1548115816,59858,137041
1548144615,59874,137057
1548163515,59875,137058
1548173416,59888,137073
1548198616,59889,137074
1548202515,59901,137088
1548220816,59900,137087
1548231316,59914,137101
1548256516,59915,137102
1548260116,59920,137112
1548288616,59943,137137
1548317416,59952,137147
1548343816,59951,137146
1548346217,59968,137163
1548371716,59969,137164
1548375316,59984,137179
1548404116,60002,137197
1548423317,60001,137196
1548432616,60019,137215
1548457818,60021,137217
1548461417,60048,137247
1548490515,60059,137258
1548512416,60060,137259
1548519017,60069,137270
1548544516,60073,137274
1548547816,60086,137287
1548576616,60096,137299
1548601816,60097,137300
1548605416,60109,137313
1548630920,60111,137315
1548634215,60119,137323
1548661217,60120,137324
1548663016,60126,137330
1548663617,60125,137329
1548688218,60126,137330
1548691815,60139,137344
1548711316,60140,137345
1548719418,60141,137346
1548720616,60147,137352
1548726616,60148,137353
1548749417,60163,137368
1548778519,60179,137390
1548782117,60180,137391
1548803416,60180,137392
1548807016,60197,137418
1548835817,60208,137430
1548850517,60207,137429
1548864615,60222,137471
1548889815,60223,137472
1548893715,60243,137498
1548922215,60249,137504
1548936316,60251,137506
1548936615,60253,137508
1548937217,60257,137512
1548937516,60263,137518
1548937816,60264,137519
1548938115,60266,137521
1548938716,60264,137519
1548940215,60263,137518
1548941115,60262,137517
1548946816,60266,137521
1548947416,60272,137527
1548951315,60297,137561
1548953416,60296,137560
1548954016,60301,137566
1548954315,60300,137565
1548954916,60300,137564
1548955217,60300,137564
1548974115,60301,137565
1548979815,60322,137593
1548998415,60321,137592
1549008616,60330,137602
1549037715,60340,137638
1549048516,60341,137639
1549066217,60350,137658
1549095015,60365,137674
1549111216,60363,137672
1549111816,60371,137680
1549120215,60371,137681
1549123818,60383,137693
1549126515,60384,137694
1549136115,60383,137693
1549152616,60407,137721
1549177816,60408,137722
1549181416,60417,137731
1549199716,60416,137730
1549209017,60417,137731
1549210516,60428,137744
1549239015,60452,137771
1549264515,60454,137773
1549267815,60483,137803
1549289716,60487,137807
1549290617,60488,137808
1549291216,60489,137809
1549291519,60490,137810
1549296916,60503,137823
1549300816,60505,137825
1549325416,60514,137835
1549330817,60515,137836
1549333215,60516,137837
1549354216,60521,137846
1549379415,60523,137848
1549383018,60531,137857
1549392617,60532,137858
1549403116,60531,137857
1549411218,60532,137858
1549411816,60538,137864
1549430716,60537,137863
1549431017,60536,137862
1549440616,60548,137874
1549458616,60549,137875
1549461017,60550,137876
1549469417,60573,137899
1549494617,60574,137900
1549498516,60594,137928
1549527016,60604,137941
1549539916,60605,137942
1549540217,60609,137946
1549540516,60611,137949
1549540817,60614,137952
1549555816,60629,137967
1549560016,60630,137968
1549560616,60631,137969
1549566616,60630,137968
1549584615,60646,137984
1549592717,60650,137988
1549593015,60651,137989
1549613416,60656,137994
1549642216,60670,138010
1549671016,60688,138028
1549693518,60700,138040
1549699817,60710,138051
1549725016,60711,138052
1549728916,60722,138072
1549747816,60720,138070
1549757415,60735,138096
1549782615,60736,138097
1549786215,60743,138104
1549793116,60744,138105
1549815017,60748,138121
1549843817,60762,138138
1549872616,60770,138146
1549872916,60771,138147
1549881016,60772,138148
1549901416,60786,138162
1549920617,60787,138163
1549930216,60797,138173
1549934117,60798,138174
1549939816,60797,138173
1549955416,60798,138174
1549959015,60809,138187
1549960815,60808,138186
1549975217,60809,138187
1549983018,60808,138186
1549984216,60809,138187
1549987816,60820,138200
1550016615,60831,138215
1550045415,60839,138223
1550067316,60848,138232
1550067917,60852,138236
1550070616,60854,138238
1550074515,60867,138253
1550092215,60868,138254
1550103015,60882,138272
1550128516,60883,138273
1550131816,60899,138290
1550142915,60897,138288
1550160617,60910,138302
1550176217,60911,138303
1550185216,60910,138302
1550189415,60922,138319
1550218215,60938,138338
1550243417,60939,138339
1550243715,60940,138340
1550247316,60947,138366
1550257816,60948,138367
1550272216,60949,138368
1550275816,60972,138396
1550301015,60972,138397
1550304615,60981,138409
1550314217,60982,138410
1550333416,61001,138442
1550334616,61005,138446
1550358615,61007,138448
1550362216,61024,138487
1550387416,61025,138488
1550391016,61036,138505
1550401516,61035,138504
